,คำนำหน้าชื่อ,ชื่อ,สกุล,พรรค,"เริ่มทำงานสภาสมัยนี้ในฐานะสมาชิกพรรค
 (YYYY-MM-DD)"
id,title,name,lastname,party,established_date
1,พลเอก,ประยุทธ์,จันทร์โอชา,,2562-07-10
2,พลเอก,ประวิตร,วงษ์สุวรรณ,พลังประชารัฐ,2562-07-10
3,ดร.,สมคิด,จาตุศรีพิทักษ์,พลังประชารัฐ,2562-07-10
4,ดร.,วิษณุ,เครืองาม,,2562-07-10
5,พลเอก,ชัยชาญ,ช้างมงคล,,2562-07-10
6,ดร.,อุตตม,สาวนายน,พลังประชารัฐ,2562-07-10
7,นาย,ดอน,ปรมัตถ์วินัย,,2562-07-10
8,นาย,พิพัฒน์,รัชกิจประการ,ภูมิใจไทย,2562-07-10
9,นาย,จุติ,ไกรฤกษ์,ประชาธิปัตย์,2562-03-24
10,ดร.,สุวิทย์,เมษินทรีย์,พลังประชารัฐ,2562-07-10
11,นาย,เฉลิมชัย,ศรีอ่อน,ประชาธิปัตย์,2562-07-10
12,นางสาว,มนัญญา,ไทยเศรษฐ์,ภูมิใจไทย,2562-07-10
13,นาย,สนธิรัตน์,สนธิจิรวงศ์,พลังประชารัฐ,2562-07-10
14,นาย,วีรศักดิ์,หวังศุภกิจโกศล,ภูมิใจไทย,2562-07-10
15,พลเอก,อนุพงษ์,เผ่าจินดา,,2562-07-10
16,นาย,นิพนธ์,บุญญามณี,ประชาธิปัตย์,2562-07-10
17,ดร.,ทรงศักดิ์,ทองศรี,ภูมิใจไทย,2562-07-10
18,หม่อมราชวงศ์,จัตุมงคล,โสณกุล,รวมพลังประชาชาติไทย,2562-07-10
19,นาย,อิทธิพล,คุณปลื้ม,พลังประชารัฐ,2562-07-10
20,ดร. คุณหญิง,กัลยา,โสภณพนิช,ประชาธิปัตย์,2562-07-10
21,ดร.,กนกวรรณ,วิลาวัลย์,ภูมิใจไทย,2562-03-24
22,นาย,กนก,ลิ้มตระกูล,เพื่อไทย,2562-03-24
23,ศาสตราจารย์ ดร.,กนก,วงษ์ตระหง่าน,ประชาธิปัตย์,2562-03-24
24,นาย,กมลศักดิ์,ลีวาเมาะ,ประชาชาติ,2562-03-24
25,นาย,กรณ์,จาติกวณิช,ประชาธิปัตย์,2562-03-24
26,นาง,กรณิศ,งามสุคนธ์รัตนา,พลังประชารัฐ,2562-03-24
27,นาย,กรวีร์,ปริศนานันทกุล,ภูมิใจไทย,2562-03-24
28,นาย,กรุงศรีวิไล,สุทินเผือก,พลังประชารัฐ,2562-03-24
29,นาย,กฤติเดช,สันติวชิระกุล,ภูมิใจไทย,2562-03-24
30,นาย,กฤษฎา,ตันเทอดทิตย์,เพื่อไทย,2562-03-24
31,นาย,กฤษณ์,แก้วอยู่,พลังประชารัฐ,2562-03-24
32,นางสาว,กวินนาถ,ตาคีย์,พลังท้องถิ่นไท,2562-03-24
33,นาย,กษิดิ์เดช,ชุติมันต์,พลังประชารัฐ,2562-03-24
34,นาย,กัญจน์พงศ์,จงสุทธนามณี,ก้าวไกล,2562-03-24
35,นาง,กันตวรรณ,ตันเถียร,ประชาธิปัตย์,2562-03-24
36,นางสาว,กัลยา,รุ่งวิจิตรชัย,พลังประชารัฐ,2562-03-24
37,ดร.,พิสิฐ,ลี้อาธรรม,ประชาธิปัตย์,2562-03-24
38,นางสาว,กานต์กนิษฐ์,แห้วสันตติ,พลังประชารัฐ,2562-03-24
39,นาย,การุณ,โหสกุล,เพื่อไทย,2562-03-24
40,นาย,กิตติ,สมทรัพย์,เพื่อไทย,2562-03-24
41,นาย,กิตติกร,โล่ห์สุนทร,เพื่อไทย,2562-03-24
42,นาย,กิตติชัย,เรืองสวัสดิ์,ภูมิใจไทย,2562-03-24
43,นางสาว,กิตติ์ธัญญา,วาจาดี,เพื่อไทย,2562-03-24
44,นายแพทย์,กิตติศักดิ์,คณาสวัสดิ์,เพื่อไทย,2562-03-24
45,นางสาว,กุลธิดา,รุ่งเรืองเกียรติ,อนาคตใหม่,2562-03-24
46,นางสาว,กุลวลี,นพอมรบดี,พลังประชารัฐ,2562-03-24
47,นาย,กูเฮง,ยาวอหะซัน,ประชาชาติ,2562-03-24
48,นาย,เกรียงศักดิ์,ฝ้ายสีงาม,เพื่อไทย,2562-03-24
49,นาย,เกษม,ศุภรานนท์,เศรษฐกิจไทย,2562-03-24
50,นาย,เกษม,อุประ,เพื่อไทย,2562-03-24
51,นาย,เกษมสันต์,มีทิพย์,ก้าวไกล,2562-03-24
52,นาย,เกียรติ,สิทธีอมร,ประชาธิปัตย์,2562-03-24
53,นาย,เกียรติ,เหลืองขจรวิทย์,ภูมิใจไทย,2562-03-24
54,นาย,เกื้อกูล,ด่านชัยวิจิตร,ภูมิใจไทย,2562-03-24
55,ศาสตราจารย์ ดร.,โกวิทย์,พวงงาม,พลังท้องถิ่นไท,2562-03-24
56,นาย,โกศล,ปัทมะ,เพื่อไทย,2562-03-24
57,นาย,ไกลก้อง,ไวทยการ,อนาคตใหม่,2562-03-24
58,นาย,ขจิตร,ชัยนิคม,เพื่อไทย,2562-03-24
59,นาย,ขวัญเลิศ,พานิชมาท,ก้าวไกล,2562-03-24
60,นาย,เขตรัฐ,เหล่าธรรมทัศน์,รวมพลังประชาชาติไทย,2562-03-24
61,นาย,คงกฤษ,ฉัตรมาลีรัตน์,ภูมิใจไทย,2562-03-24
62,นาย,คฑาเทพ,เตชะเดชเรืองกุล,เพื่อชาติไทย,2562-03-24
63,นาย,คมเดช,ไชยศิวามงคล,เพื่อไทย,2562-03-24
64,นาย,ครูมานิตย์,สังข์พุ่ม,เพื่อไทย,2562-03-24
65,นาย,คารม,พลพรกลาง,ก้าวไกล,2562-03-24
66,นาย,คำพอง,เทพาคำ,ก้าวไกล,2562-03-24
67,นาย,คุณากร,ปรีชาชนะชัย,เพื่อไทย,2562-03-24
68,นาย,จตุพร,เจริญเชื้อ,เพื่อไทย,2562-03-24
69,นาย,จรัส,คุ้มไข่น้ำ,ก้าวไกล,2562-03-24
70,นาย,จรัสฤทธิ์,จันทรสุรินทร์,เพื่อไทย,2562-03-24
71,ร้อยเอก ดร.,จองชัย,วงศ์ทรายทอง,พลังประชารัฐ,2562-03-24
72,นางสาว,จอมขวัญ,กลับบ้านเกาะ,เศรษฐกิจไทย,2562-03-24
73,นาย,จักรกฤษณ์,ทองศรี,ภูมิใจไทย,2562-03-24
74,นาย,จักรพรรดิ,ไชยสาส์น,เพื่อไทย,2562-03-24
75,นาย,จักรพล,ตั้งสุทธิธรรม,เพื่อไทย,2562-03-24
76,ผู้ช่วยศาสตราจารย์ ดร.,จักรพันธ์,พรนิมิตร,พลังประชารัฐ,2562-03-24
77,นาย,จักรัตน์,พั้วช่วย,พลังประชารัฐ,2562-03-24
78,นางสาว,จุฑาฑัตต,เหล่าธรรมทัศน์,รวมพลังประชาชาติไทย,2562-03-24
79,ดร.,จาตุรงค์,เพ็งนรพัฒน์,เพื่อไทย,2562-03-24
80,นาย,จารึก,ศรีอ่อน,พลังท้องถิ่นไท,2562-03-24
81,นางสาว,จารุวรรณ,ศรัณย์เกตุ,อนาคตใหม่,2562-03-24
82,นางสาว,จิตภัสร์,กฤดากร,ประชาธิปัตย์,2562-03-24
83,นาย,จิรทัศ,ไกรเดชา,เพื่อไทย,2562-03-24
84,นาย,จิรพงษ์,ทรงวัชราภรณ์,เพื่อไทย,2562-03-24
85,นาย,จิรวัฒน์,ศิริพานิชย์,เพื่อไทย,2562-03-24
86,นาย,จิรวัฒน์,อรัณยกานนท์,ก้าวไกล,2562-03-24
87,นาย,จิรัฏฐ์,ทองสุวรรณ์,ก้าวไกล,2562-03-24
88,นางสาว,จิราพร,สินธุไพร,เพื่อไทย,2562-03-24
89,นาย,จิรายุ,ห่วงทรัพย์,เพื่อไทย,2562-03-24
90,นาย,จีรเดช,ศรีวิราช,เศรษฐกิจไทย,2562-03-24
91,นาง,จุฑาพัตธน์,เมนะสวัสดิ์,เพื่อไทย,2562-03-24
92,ผู้ช่วยศาสตราจารย์ ดร.,อิสระ,เสรีวัฒนวุฒิ,ประชาธิปัตย์,2562-03-24
93,นาง,จุมพิตา,จันทรขจร,อนาคตใหม่,2562-03-24
94,นาย,ประภัตร,โพธสุธน,ชาติไทยพัฒนา,2562-03-24
95,นาย,จุลพันธ์,โนนศรีชัย,ชาติไทยพัฒนา,2562-03-24
96,นาย,จุลพันธ์,อมรวิวัฒน์,เพื่อไทย,2562-03-24
97,นาย,เจนวิทย์,ไกรสินธุ์,อนาคตใหม่,2562-03-24
98,นาง,เจริญ,เรี่ยวแรง,พลังประชารัฐ,2562-03-24
99,นาย,เจเศรษฐ์,ไทยเศรษฐ์,ภูมิใจไทย,2562-03-24
100,นาย,ฉลอง,เทอดวีระพงศ์,ภูมิใจไทย,2562-03-24
101,นาย,ฉลาด,ขามช่วง,เพื่อไทย,2562-03-24
102,นางสาว,ชนก,จันทาทอง,เพื่อไทย,2562-03-24
103,นาย,ชยุต,ภุมมะกาญจนะ,ภูมิใจไทย,2562-03-24
104,นาย,ชลน่าน,ศรีแก้ว,เพื่อไทย,2562-03-24
105,นาย,ชวน,หลีกภัย,ประชาธิปัตย์,2562-03-24
106,พันตำรวจตรี,ชวลิต,เลาหอุดมพันธ์,ก้าวไกล,2562-03-24
107,นาย,ชวลิต,วิชยสุทธิ์,เพื่อไทย,2562-03-24
108,นาย,ชัชวาลล์,คงอุดม,พลังท้องถิ่นไท,2562-03-24
109,นาย,ชัย,ชิดชอบ,ภูมิใจไทย,2562-03-24
110,นาย,ชัยชนะ,เดชเดโช,ประชาธิปัตย์,2562-03-24
111,นาย,ชัยยันต์,ผลสุวรรณ์,เพื่อไทย,2562-03-24
112,นาย,ชัยวัฒน์,เป้าเปี่ยมทรัพย์,พลังประชารัฐ,2562-03-24
113,นาย,ชัยวุฒิ,ธนาคมานุสรณ์,พลังประชารัฐ,2562-03-24
114,นาย,ชัยวุฒิ,บรรณวัฒน์,ประชาธิปัตย์,2562-03-24
115,นาย,ชาญวิทย์,วิภูศิริ,พลังประชารัฐ,2562-03-24
116,นาย,ชาดา,ไทยเศรษฐ์,ภูมิใจไทย,2562-03-24
117,นาย,ชำนาญ,จันทร์เรือง,อนาคตใหม่,2562-03-24
118,นาย,ชินวรณ์,บุณยเกียรติ,ประชาธิปัตย์,2562-03-24
119,นาย,ชุมพล,จุลใส,ประชาธิปัตย์,2562-03-24
120,นาย,ชูวิทย์,พิทักษ์พรพัลลภ,เพื่อไทย,2562-03-24
121,นาย,ชูศักดิ์,คีรีมาศทอง,พลังประชารัฐ,2562-03-24
122,นาย,ชูศักดิ์,แอกทอง,เพื่อไทย,2562-03-24
123,นาย,เชิงชาย,ชาลีรินทร์,พลังประชารัฐ,2562-03-24
124,นาย,เชิดพงศ์,ราชป้องขันธ์,เพื่อไทย,2562-03-24
125,นาย,โชติพิพัฒน์,เตชะโสภณมณี,ภูมิใจไทย,2562-03-24
126,นาย,โชติวุฒิ,ธนาคมานุสรณ์,พลังประชารัฐ,2562-03-24
127,นาย,ไชยวัฒนา,ติณรัตน์,เพื่อไทย,2562-03-24
128,นาย,ไชยา,พรหมา,เพื่อไทย,2562-03-24
129,นาย,ซูการ์โน,มะทา,ประชาชาติ,2562-03-24
130,นางสาว,ญาณธิชา,บัวเผื่อน,ก้าวไกล,2562-03-24
131,พันตำรวจโท ดร.,ฐนภัทร,กิตติวงศา,พลังประชารัฐ,2562-03-24
132,นาย,ฐานิสร์,เทียนทอง,พลังประชารัฐ,2562-03-24
133,นาย,ฐาปกรณ์,กุลเจริญ,พลังประชารัฐ,2562-03-24
134,นาย,ฐิตินันท์,แสงนาค,ภูมิใจไทย,2562-03-24
135,นางสาว,ฐิติภัสร์,โชติเดชาชัยนันต์,พลังประชารัฐ,2562-03-24
136,นางสาว,ณธีภัสร์,กุลเศรษฐสิทธิ์,ก้าวไกล,2562-03-24
137,นาย,ณัฏฐ์ชนน,ศรีก่อเกื้อ,ภูมิใจไทย,2562-03-24
138,นาย,ณัฏฐพล,จรัสรพีพงษ์,เศรษฐกิจไทย,2562-03-24
139,นาย,วราวุธ,ศิลปอาชา,ชาติไทยพัฒนา,2562-03-24
140,นาย,ณัฐชา,บุญไชยอินสวัสดิ์,ก้าวไกล,2562-03-24
141,นาย,ณัฐพงษ์,เรืองปัญญาวุฒิ,ก้าวไกล,2562-03-24
142,นาย,ณัฐพงษ์,สุปริยศิลป์,เพื่อไทย,2562-03-24
143,นาย,ณัฐพล,สืบศักดิ์วงศ์,ก้าวไกล,2562-03-24
144,นาย,ณัฐวุฒิ,กองจันทร์ดี,เพื่อไทย,2562-03-24
145,นาย,ณัฐวุฒิ,บัวประทุม,ก้าวไกล,2562-03-24
146,นาย,ณัฐวุฒิ,ประเสริฐสุวรรณ,ชาติไทยพัฒนา,2562-03-24
147,นาย,ดล,เหตระกูล,ชาติพัฒนา,2562-03-24
148,นาย,ดะนัย,มะหิพันธ์,เพื่อไทย,2562-03-24
149,นาย,ดำรงค์,พิเดช,รักษ์ผืนป่าประเทศไทย,2562-03-24
150,นาย,เดชอิศม์,ขาวทอง,ประชาธิปัตย์,2562-03-24
151,นางสาว,ตรีนุช,เทียนทอง,พลังประชารัฐ,2562-03-24
152,นาย,ตี๋ใหญ่,พูนศรีธนากูล,เพื่อไทย,2562-03-24
153,นาย,ไตรเทพ,งามกมล,ภูมิใจไทย,2562-03-24
154,นาย,ไตรรงค์,ติธรรม,เพื่อไทย,2562-03-24
155,นาย,เทวัญ,ลิปตพัลลภ,ชาติพัฒนา,2562-03-24
156,พลตรี,ทรงกลด,ทิพย์รัตน์,พลังชาติไทย,2562-03-24
157,พันเอก ดร.,เศรษฐพงค์,มะลิสุวรรณ,ภูมิใจไทย,2562-03-24
158,นาย,ทวิรัฐ,รัตนเศรษฐ,พลังประชารัฐ,2562-03-24
159,นาย,ทวีศักดิ์,ทักษิณ,ก้าวไกล,2562-03-24
160,นาย,ทศพร,ทองศิริ,ก้าวไกล,2562-03-24
161,นาย,ทองแดง,เบ็ญจะปัก,ก้าวไกล,2562-03-24
162,นาง,ทัศนาพร,เกษเมธีการุณ,พลังประชารัฐ,2562-03-24
163,นางสาว,ทัศนีย์,บูรณุปกรณ์,เพื่อไทย,2562-03-24
164,นาง,ทัศนียา,รัตนเศรษฐ,พลังประชารัฐ,2562-03-24
165,นาย,ทายาท,เกียรติชูศักดิ์,เพื่อไทย,2562-03-24
166,นาย,เทพไท,เสนพงศ์,ประชาธิปัตย์,2562-03-24
167,นาย,จุรินทร์,ลักษณวิศิษฏ์,ประชาธิปัตย์,2562-03-24
168,นาย,เทอดพงษ์,ไชยนันทน์,ประชาธิปัตย์,2562-03-24
169,นาย,เท่าพิภพ,ลิ้มจิตรกร,ก้าวไกล,2562-03-24
170,นาง,เทียบจุฑา,ขาวขำ,เพื่อไทย,2562-03-24
171,นางสาว,ธณิกานต์,พรพงษาโรจน์,พลังประชารัฐ,2562-03-24
172,ดร.,ธนกร,ไชยกุล,เพื่อไทย,2562-03-24
173,นางสาว,ธนภร,โสมทองแดง,เสรีรวมไทย,2562-03-24
174,นาย,ธนยศ,ทิมสุวรรณ,ภูมิใจไทย,2562-03-24
175,นาย,ธนะสิทธิ์,โควสุรัตน์,เศรษฐกิจไทย,2562-03-24
176,นาย,ธนัสถ์,ทวีเกื้อกูลกิจ,เศรษฐกิจไทย,2562-03-24
177,นาย,ธนาธร,จึงรุ่งเรืองกิจ,อนาคตใหม่,2562-03-24
178,นาย,ถาวร,เสนเนียม,ประชาธิปัตย์,2562-03-24
179,นาย,ธรรมวิชญ์,โพธิพิพิธ,พลังประชารัฐ,2562-03-24
180,นาย,ธัญญ์วาริน,สุขะพิสิษฐ์,ก้าวไกล,2562-03-24
181,นาย,ธัญวัจน์,กมลวงศ์วัฒน์,ก้าวไกล,2562-03-24
182,นาย,ธารา,ปิตุเตชะ,ประชาธิปัตย์,2562-03-24
183,นาย,ธีรภัทร,พริ้งศุลกะ,ประชาธิปัตย์,2562-03-24
184,ดร.,ธีรรัตน์,สำเร็จวาณิชย์,เพื่อไทย,2562-03-24
185,นาย,ธีระ,ไตรสรณกุล,เพื่อไทย,2562-03-24
186,นาย,ธีระ,วงศ์สมุทร,ชาติไทยพัฒนา,2562-03-24
187,นาย,ธีรัจชัย,พันธุมาศ,ก้าวไกล,2562-03-24
188,นาย,นพ,ชีวานันท์,เพื่อไทย,2562-03-24
189,นาย,นพคุณ,รัฐผไท,เพื่อไทย,2562-03-24
190,ดร.,นพดล,แก้วสุพัฒน์,พลังท้องถิ่นไท,2562-03-24
191,นาย,นพดล,มาตรศรี,ชาติไทยพัฒนา,2562-03-24
192,นาย,นพพล,เหลืองทองนารา,เพื่อไทย,2562-03-24
193,ดร.,นภาพร,เพ็ชร์จินดา,เสรีรวมไทย,2562-03-24
194,นาย,นริศ,ขำนุรักษ์,ประชาธิปัตย์,2562-03-24
195,นาย,พรชัย,ตระกูลวรานนท์,พลังประชารัฐ,2562-03-24
196,นาย,นวัธ,เตาะเจริญสุข,เพื่อไทย,2562-03-24
197,นาย,นัทธี,ถิ่นสาคู,พลังประชารัฐ,2562-03-24
198,ดร.,นาที,รัชกิจประการ,ภูมิใจไทย,2562-03-24
199,นาย,นิกร,จำนง,ชาติไทยพัฒนา,2562-03-24
200,นาย,นิคม,บุญวิเศษ,พลังปวงชนไทย,2562-03-24
201,นาย,นิติพล,ผิวเหมาะ,ก้าวไกล,2562-03-24
202,นาย,นิพันธ์,ศิริธร,พลังประชารัฐ,2562-03-24
203,นาย,นิยม,ช่างพินิจ,เพื่อไทย,2562-03-24
204,นาย,นิยม,วิวรรธนดิฐกุล,เศรษฐกิจใหม่,2562-03-24
205,ดร.,นิยม,เวชกามา,เพื่อไทย,2562-03-24
206,นาย,นิรมิต,สุจารี,เพื่อไทย,2562-03-24
207,นาย,นิรันดร์,นาเมืองรักษ์,เพื่อไทย,2562-03-24
208,นาย,นิรามาน,สุไลมาน,อนาคตใหม่,2562-03-24
209,นาย,นิโรธ,สุนทรเลขา,พลังประชารัฐ,2562-03-24
210,นางสาว,แนน บุณย์ธิดา,สมชัย,ประชาธิปัตย์,2562-03-24
211,นายแพทย์,บัญญัติ,เจตนจันทร์,ประชาธิปัตย์,2562-03-24
212,นาย,บัญญัติ,บรรทัดฐาน,ประชาธิปัตย์,2562-03-24
213,นาย,บัลลังก์,อรรณนพพร,เพื่อไทย,2562-03-24
214,นาย,บุญแก้ว,สมวงศ์,เพื่อไทย,2562-03-24
215,นาย,บุญฐิณ,ประทุมลี,เพื่อไทย,2562-03-24
216,นาง,บุญยิ่ง,นิติกาญจนา,พลังประชารัฐ,2562-03-24
217,นาง,บุญรื่น,ศรีธเรศ,เพื่อไทย,2562-03-24
218,ดร.,บุญลือ,ประเสริฐโสภา,ภูมิใจไทย,2562-03-24
219,นาย,บุญสิงห์,วรินทร์รักษ์,เศรษฐกิจไทย,2562-03-24
220,นางสาว,เบญจา,แสงจันทร์,ก้าวไกล,2562-03-24
221,นาย,ปกรณ์,มุ่งเจริญพร,ภูมิใจไทย,2562-03-24
222,นาย,ปกรณ์วุฒิ,อุดมพิพัฒน์สกุล,ก้าวไกล,2562-03-24
223,นาย,ปฐมพงศ์,สูญจันทร์,พลังประชารัฐ,2562-03-24
224,นาย,ปดิพัทธ์,สันติภาดา,ก้าวไกล,2562-03-24
225,นาย,ประกอบ,รัตนพันธ์,ประชาธิปัตย์,2562-03-24
226,นาย,ประเดิมชัย,บุญช่วยเหลือ,เพื่อไทย,2562-03-24
227,นาย,ประทวน,สุทธิอำนวยเดช,พลังประชารัฐ,2562-03-24
228,ดร.,สาธิต,ปิตุเตชะ,ประชาธิปัตย์,2562-03-24
229,นาย,ประภูศักดิ์,จินตะเวช,เพื่อไทย,2562-03-24
230,นาย,ประมวล,พงศ์ถาวราเดช,ประชาธิปัตย์,2562-03-24
231,นายแพทย์,ประสงค์,บูรณ์พงศ์,เสรีรวมไทย,2562-03-24
232,นาย,ประสิทธิ์,มะหะหมัด,พลังประชารัฐ,2562-03-24
233,นาย,ประสิทธิ์,วุฒินันชัย,เพื่อไทย,2562-03-24
234,นาย,ประเสริฐ,จันทรรวงทอง,เพื่อไทย,2562-03-24
235,นาย,ประเสริฐ,บุญเรือง,เพื่อไทย,2562-03-24
236,นาย,ประเสริฐพงษ์,ศรนุวัตร์,ก้าวไกล,2562-03-24
237,นาย,ปริญญา,ช่วยเกตุ คีรีรัตน์,ก้าวไกล,2562-03-24
238,นาย,ปริญญา,ฤกษ์หร่าย,พลังประชารัฐ,2562-03-24
239,นาย,ปรีดา,บุญเพลิง,ครูไทยเพื่อประชาชน,2562-03-24
240,นาย,ปัญญา,จีนาคำ,เศรษฐกิจไทย,2562-03-24
241,นางสาว,ปารีณา,ไกรคุปต์,พลังประชารัฐ,2562-03-24
242,ดร.,ปิยบุตร,แสงกนกกุล,อนาคตใหม่,2562-03-24
243,นาย,ปิยวัฒน,พันธ์สายเชื้อ,เพื่อไทย,2562-03-24
244,นางสาว,ปิยะรัฐชย์,ติยะไพรัช,เพื่อชาติ,2562-03-24
245,นาง,ผ่องศรี,แซ่จึง,เพื่อไทย,2562-03-24
246,นาย,ไผ่,ลิกค์,เศรษฐกิจไทย,2562-03-24
247,พลโท ดร.,พงศกร,รอดชมภู,อนาคตใหม่,2562-03-24
248,นาย,พงศ์กวิน,จึงรุ่งเรืองกิจ,พลังประชารัฐ,2562-03-24
249,นาย,พนิต,วิกิตเศรษฐ์,ประชาธิปัตย์,2562-03-24
250,นาย,พยม,พรหมเพชร,พลังประชารัฐ,2562-03-24
251,นาย,พรชัย,อำนวยทรัพย์,ภูมิใจไทย,2562-03-24
252,นาย,พรชัย,อินทร์สุข,เศรษฐกิจไทย,2562-03-24
253,นาย,พรเทพ,วิสุทธิ์วัฒนศักดิ์,เพื่อไทย,2562-03-24
254,นางสาว,พรพิมล,ธรรมสาร,ภูมิใจไทย,2562-03-24
255,นาง,พรเพ็ญ,บุญศิริวัฒนกุล,เพื่อไทย,2562-03-24
256,ดร.,พรรณสิริ,กุลนาถศิริ,พลังประชารัฐ,2562-03-24
257,นางสาว,พรรณิการ์,วานิช,อนาคตใหม่,2562-03-24
258,นาย,พลภูมิ,วิภัติภูมิประเทศ,เพื่อไทย,2562-03-24
259,ดร.,พัชรินทร์,ซำศิริพงษ์,พลังประชารัฐ,2562-03-24
260,นาย,พัฒนา,สัพโส,เพื่อไทย,2562-03-24
261,ดร.,พาณุวัฒณ์,สะสมทรัพย์,ชาติไทยพัฒนา,2562-03-24
262,นาย,พิจารณ์,เชาวพัฒนวงศ์,ก้าวไกล,2562-03-24
263,นาง,พิชชารัตน์,เลาหพงศ์ชนะ,พลังประชารัฐ,2562-03-24
264,นาย,พิเชษฐ,สถิรชวาล,พลังประชารัฐ,2562-03-24
265,ดร.,พิเชษฐ์,เชื้อเมืองพาน,เพื่อไทย,2562-03-24
266,นาย,พิธา,ลิ้มเจริญรัตน์,ก้าวไกล,2562-03-24
267,นาย,พิบูลย์,รัชกิจประการ,ภูมิใจไทย,2562-03-24
268,นางสาว,พิมพ์พร,พรพฤฒิพันธุ์,พลังประชารัฐ,2562-03-24
269,นางสาว,พิมพ์ภัทรา,วิชัยกุล,ประชาธิปัตย์,2562-03-24
270,นาย,พิษณุ,พลธี,ภูมิใจไทย,2562-03-24
271,นาย,พีรเดช,คำสมุทร,ก้าวไกล,2562-03-24
272,นาย,พีระพันธุ์,สาลีรัฐวิภาค,ประชาธิปัตย์,2562-03-24
273,ดร.,พีระเพชร,ศิริกุล,เพื่อไทย,2562-03-24
274,นาย,ณัฏฐพล,ทีปสุวรรณ,พลังประชารัฐ,2562-03-24
275,นาย,เพชร,เอกกำลังกุล,เสรีรวมไทย,2562-03-24
276,นางสาว,เพชรชมพู,กิจบูรณะ,รวมพลังประชาชาติไทย,2562-03-24
277,นางสาว,เพชรดาว,โต๊ะมีนา,ภูมิใจไทย,2562-03-24
278,ดร.,เพชรวรรต,วัฒนพงศศิริกุล,เพื่อชาติ,2562-03-24
279,นาย,ไพจิต,ศรีวรขาน,เพื่อไทย,2562-03-24
280,นาย,ไพบูลย์,นิติตะวัน,พลังประชารัฐ,2562-03-24
281,ดร.,ไพโรจน์,โล่ห์สุนทร,เพื่อไทย,2562-03-24
282,นางสาว,ไพลิน,เทียนสุวรรณ,พลังประชารัฐ,2562-03-24
283,ดร.,ภณณัฏฐ์,ศรีอินทร์สุทธิ์,เพื่อไทย,2562-03-24
284,นาย,ภราดร,ปริศนานันทกุล,ภูมิใจไทย,2562-03-24
285,นางสาว,ภริม,พูลเจริญ,พลังประชารัฐ,2562-03-24
286,นาย,ภาคภูมิ,บูลย์ประมุข,เศรษฐกิจไทย,2562-03-24
287,นาย,ภาควัต,ศรีสุรพล,เพื่อไทย,2562-03-24
288,นางสาว,ภาดาท์,วรกานนท์,พลังประชารัฐ,2562-03-24
289,นาย,ภานุ,ศรีบุศยกาญจน์,ประชาธิปัตย์,2562-03-24
290,นาย,ภาสกร,เงินเจริญกุล,เศรษฐกิจใหม่,2562-03-24
291,ดร.,ภิญโญ,นิโรจน์,พลังประชารัฐ,2562-03-24
292,นาย,ภูดิท,อินสุวรรณ์,พลังประชารัฐ,2562-03-24
293,นาย,ภูมิศิษฏ์,คงมี,ภูมิใจไทย,2562-03-24
294,ดร.,มงคลกิตติ์,สุขสินธารานนท์,ไทยศรีวิไลย์,2562-03-24
295,ร้อยตำรวจตรี,มณฑล,โพธิ์คาย,ภูมิใจไทย,2562-03-24
296,นาย,มณเฑียร,สงฆ์ประชา,พลังประชารัฐ,2562-03-24
297,นาย,มนตรี,ตั้งเจริญถาวร,เพื่อไทย,2562-03-24
298,นาย,มนตรี,ปาน้อยนนท์,ประชาธิปัตย์,2562-03-24
299,นาง,มนพร,เจริญศรี,เพื่อไทย,2562-03-24
300,ดร.,มนูญ,สิวาภิรมย์รัตน์,เศรษฐกิจใหม่,2562-03-24
301,นางสาว,มัลลิกา,จิระพันธุ์วาณิช,ภูมิใจไทย,2562-03-24
302,นาย,มานพ,ศรีผึ้ง,ภูมิใจไทย,2562-03-24
303,นาย,มานะ,โลหะวณิชย์,เพื่อไทย,2562-03-24
304,นาย,มานะศักดิ์,จันทร์ประสงค์,เพื่อไทย,2562-03-24
305,นาย,มานัส,อ่อนอ้าย,พลังประชารัฐ,2562-03-24
306,นาง,มารศรี,ขจรเรืองโรจน์,เศรษฐกิจใหม่,2562-03-24
307,นาย,มิ่งขวัญ,แสงสุวรรณ์,เศรษฐกิจใหม่,2562-03-24
308,นาง,มุกดา,พงษ์สมบัติ,เพื่อไทย,2562-03-24
309,พลตำรวจเอก,ยงยุทธ,เทพจำนงค์,เศรษฐกิจไทย,2562-03-24
310,ดร.,ยงยุทธ,สุวรรณบุตร,พลังประชารัฐ,2562-03-24
311,นาย,ยรรยงก์,ถนอมพิชัยธำรง,รักษ์ผืนป่าประเทศไทย,2562-03-24
312,นาย,ยศวัฒน์,มาไพศาลสิน,ภูมิใจไทย,2562-03-24
313,นาย,ยุทธพงศ์,จรัสเสถียร,เพื่อไทย,2562-03-24
314,นางสาว,เยาวลักษณ์,วงษ์ประภารัตน์,อนาคตใหม่,2562-03-24
315,รองศาสตราจารย์ ดร.,รงค์,บุญสวยขวัญ,พลังประชารัฐ,2562-03-24
316,นาย,รณเทพ,อนุวัฒน์,พลังประชารัฐ,2562-03-24
317,นายแพทย์,ระวี,มาศฉมาดล,พลังธรรมใหม่,2562-03-24
318,นาย,รังสรรค์,มณีรัตน์,เพื่อไทย,2562-03-24
319,นาย,รังสรรค์,วันไชยธนวงศ์,เพื่อไทย,2562-03-24
320,นาย,รังสิกร,ทิมาตฤกะ,ภูมิใจไทย,2562-03-24
321,นาย,รังสิมันต์,โรม,ก้าวไกล,2562-03-24
322,นางสาว,รังสิมา,รอดรัศมี,ประชาธิปัตย์,2562-03-24
323,นาย,รัฐกิตติ์,ผาลีพัฒน์,เพื่อไทย,2562-03-24
324,ดร.,รุ่งโรจน์,ทองศรี,ภูมิใจไทย,2562-03-24
325,นายแพทย์,เรวัต,วิศรุตเวช,เสรีรวมไทย,2562-03-24
326,นางสาว,ละออง,ติยะไพรัช,เพื่อไทย,2562-03-24
327,นาง,ลินดา,เชิดชัย,เพื่อชาติ,2562-03-24
328,นาย,เลิศศักดิ์,พัฒนชัยกุล,เพื่อไทย,2562-03-24
329,นางสาว,วชิราภรณ์,กาญจนะ,ประชาธิปัตย์,2562-03-24
330,นางสาว,วทันยา,วงษ์โอภาสี,พลังประชารัฐ,2562-03-24
331,นาย,วรภพ,วิริยะโรจน์,ก้าวไกล,2562-03-24
332,นางสาว,วรรณวรี,ตะล่อมสิน,ก้าวไกล,2562-03-24
333,นางสาว,วรรณวิภา,ไม้สน,ก้าวไกล,2562-03-24
334,นาย,วรศิษฎ์,เลียงประสิทธิ์,ภูมิใจไทย,2562-03-24
335,นาย,วรสิทธิ์,กัลป์ตินันท์,เพื่อไทย,2562-03-24
336,ดร.,ธรรมนัส,พรหมเผ่า,เศรษฐกิจไทย,2562-03-24
337,นาย,วัชรพล,โตมรศักดิ์,ชาติพัฒนา,2562-03-24
338,นาย,วัชระ,ยาวอหะซัน,พลังประชารัฐ,2562-03-24
339,นาย,วัชรา,ณ วังขนาย,เสรีรวมไทย,2562-03-24
340,นาย,วัฒนา,ช่างเหลา,ภูมิใจไทย,2562-03-24
341,นาย,วัน,อยู่บำรุง,เพื่อไทย,2562-03-24
342,นาย,วันชัย,เจริญนนทสิทธิ์,เพื่อไทย,2562-03-24
343,นาย,วันชัย,ปริญญาศิริ,พลังประชารัฐ,2562-03-24
344,นาย,วันนิวัติ,สมบูรณ์,เพื่อไทย,2562-03-24
345,นาง,วันเพ็ญ,พร้อมพัฒน์,พลังประชารัฐ,2562-03-24
346,นาย,วันมูหะมัดนอร์,มะทา,ประชาชาติ,2562-03-24
347,นาย,วาโย,อัศวรุ่งเรือง,ก้าวไกล,2562-03-24
348,นาย,วิเชียร,ชวลิต,พลังประชารัฐ,2562-03-24
349,นาย,วิทยา,ทรงคำ,เพื่อไทย,2562-03-24
350,นาย,วินท์,สุธีรชัย,ก้าวไกล,2562-03-24
351,นาย,วิรัช,พันธุมะผล,ภูมิใจไทย,2562-03-24
352,นาย,วิรัช,รัตนเศรษฐ,พลังประชารัฐ,2562-03-24
353,นาย,วิรัตน์,วรศสิริน,เสรีรวมไทย,2562-03-24
354,ดร.,วิโรจน์,ลักขณาอดิศร,ก้าวไกล,2562-03-24
355,นาย,วิวรรธน์,นิลวัชรมณี,ประชาธิปัตย์,2562-03-24
356,นาย,วิวัฒน์ชัย,โหตระไวศยะ,เพื่อไทย,2562-03-24
357,พลตำรวจโท,วิศณุ,ม่วงแพรสี,เสรีรวมไทย,2562-03-24
358,นาย,วิสาร,เตชะธีราวัฒน์,เพื่อไทย,2562-03-24
359,นาย,วิสิทธิ์,พิทยาภรณ์,ภูมิใจไทย,2562-03-24
360,นาย,วิสิษฐ์,เตชะธีราวัฒน์,เพื่อไทย,2562-03-24
361,นาย,วิสุทธิ์,ไชยณรุณ,เพื่อไทย,2562-03-24
362,นายแพทย์,มารุต,มัสยวาณิช,ภูมิใจไทย,2562-03-24
363,นาย,วีระกร,คำประกอบ,พลังประชารัฐ,2562-03-24
364,ดร.,วีระชัย,วีระเมธีกุล,ประชาธิปัตย์,2562-03-24
365,นาย,วีระพล,จิตสัมฤทธิ์,เพื่อไทย,2562-03-24
366,นาย,วีระวัฒน์,โอสถานุเคราะห์,เพื่อไทย,2562-03-24
367,ดร.,วุฒิชัย,กิตติธเนศวร,เพื่อไทย,2562-03-24
368,นาย,วุฒินันท์,บุญชู,ก้าวไกล,2562-03-24
369,นาย,วุฒิพงษ์,นามบุตร,ประชาธิปัตย์,2562-03-24
370,พันตำรวจโท,ไวพจน์,อาภรณ์รัตน์,พลังประชารัฐ,2562-03-24
371,นาย,ศรัณย์,ทิมสุวรรณ,เพื่อไทย,2562-03-24
372,นาย,ศรัณย์วุฒิ,ศรัณย์เกตุ,เพื่อชาติ,2562-03-24
373,นาย,ศราวุธ,เพชรพนมพร,เพื่อไทย,2562-03-24
374,นางสาว,ศรีนวล,บุญลือ,ภูมิใจไทย,2562-03-24
375,นาย,ศรีเรศ,โกฎคำลือ,เพื่อไทย,2562-03-24
376,นาง,ศรีสมร,รัศมีฤกษ์เศรษฐ์,ประชาธิปัตย์,2562-03-24
377,นาย,ศักดา,คงเพชร,เพื่อไทย,2562-03-24
378,นาย,ศักดินัย,นุ่มหนู,ก้าวไกล,2562-03-24
379,นาย,พุทธิพงษ์,ปุณณกันต์,พลังประชารัฐ,2562-03-24
380,นาย,ศาสตรา,ศรีปาน,พลังประชารัฐ,2562-03-24
381,นาย,ศิรสิทธิ์,เลิศด้วยลาภ,เพื่อไทย,2562-03-24
382,นางสาว,ศิริกัญญา,ตันสกุล,ก้าวไกล,2562-03-24
383,นาย,ศิริพงษ์,รัสมี,พลังประชารัฐ,2562-03-24
384,นาง,ศิริวรรณ,ปราศจากศัตรู,ประชาธิปัตย์,2562-03-24
385,นาย,ศิริวัฒน์,ขจรประศาสน์,ภูมิใจไทย,2562-03-24
386,นางสาว,ศิลัมพา,เลิศนุวัฒน์,พลเมืองไทย,2562-03-24
387,นาย,ศุภชัย,ใจสมุทร,ภูมิใจไทย,2562-03-24
388,นาย,ศุภชัย,นพขำ,เพื่อไทย,2562-03-24
389,นาย,ศุภชัย,โพธิ์สุ,ภูมิใจไทย,2562-03-24
390,นางสาว,ศุภมาส,อิศรภักดี,ภูมิใจไทย,2562-03-24
391,นางสาว,สกุณา,สาระนันท์,เพื่อไทย,2562-03-24
392,ดร.,สงคราม,กิจเลิศไพโรจน์,เพื่อชาติ,2562-03-24
393,นาย,สงวน,พงษ์มณี,เพื่อไทย,2562-03-24
394,นาย,สนอง,เทพอักษรณรงค์,ภูมิใจไทย,2562-03-24
395,นาย,สมเกียรติ,ไชยวิสุทธิกุล,ก้าวไกล,2562-03-24
396,นาย,สมเกียรติ,ถนอมสินธุ์,ก้าวไกล,2562-03-24
397,นาย,สมเกียรติ,วอนเพียร,พลังประชารัฐ,2562-03-24
398,นาง,นันทนา,สงฆ์ประชา,ประชาภิวัฒน์,2562-03-24
399,นาย,สมคิด,เชื้อคง,เพื่อไทย,2562-03-24
400,นาย,สมเจตน์,ลิมปะพันธุ์,ภูมิใจไทย,2562-03-24
401,นาย,สมชาติ,ประดิษฐพร,ประชาธิปัตย์,2562-03-24
402,นาย,สมชาย,ฝั่งชลจิตร,ก้าวไกล,2562-03-24
403,พลเอก,สมชาย,วิษณุวงศ์,พลังประชารัฐ,2562-03-24
404,นาย,สมบัติ,ศรีสุรินทร์,เพื่อไทย,2562-03-24
405,นาย,สมบัติ,อำนาคะ,พลังประชารัฐ,2562-03-24
406,นาย,สมบูรณ์,ซารัมย์,ภูมิใจไทย,2562-03-24
407,นาย,สมพงษ์,โสภณ,พลังประชารัฐ,2562-03-24
408,นาย,สมพงษ์,อมรวิวัฒน์,เพื่อไทย,2562-03-24
409,นาย,สมมุติ,เบ็ญจลักษณ์,ประชาชาติ,2562-03-24
410,นาย,สมศักดิ์,เทพสุทิน,พลังประชารัฐ,2562-03-24
411,นาย,สมศักดิ์,พันธ์เกษม,ภูมิใจไทย,2562-03-24
412,นาง,สมหญิง,บัวบุตร,เพื่อไทย,2562-03-24
413,นาย,สมัคร,ป้องวงษ์,ชาติพัฒนา,2562-03-24
414,นาย,สยาม,หัตถสงเคราะห์,เพื่อไทย,2562-03-24
415,นาย,สรชัด,สุจิตต์,ชาติไทยพัฒนา,2562-03-24
416,นาย,สรวุฒิ,เนื่องจำนงค์,พลังประชารัฐ,2562-03-24
417,นาย,สรอรรถ,กลิ่นประทุม,ภูมิใจไทย,2562-03-24
418,นางสาว,สรัสนันท์,อรรณนพพร,เพื่อไทย,2562-03-24
419,นาย,สราวุธ,อ่อนละมัย,ประชาธิปัตย์,2562-03-24
420,ดร.,สฤษฏ์พงษ์,เกี่ยวข้อง,ภูมิใจไทย,2562-03-24
421,ดร.,สฤษดิ์,บุตรเนียร,ภูมิใจไทย,2562-03-24
422,ดร.,สะถิระ,เผือกประพันธุ์,เศรษฐกิจไทย,2562-03-24
423,นาย,สัญญา,นิลสุพรรณ,พลังประชารัฐ,2562-03-24
424,นาย,สัณหพจน์,สุขศรีเมือง,พลังประชารัฐ,2562-03-24
425,ดร.,สันติ,กีระนันทน์,พลังประชารัฐ,2562-03-24
426,นาย,สันติ,พร้อมพัฒน์,พลังประชารัฐ,2562-03-24
427,นาย,สัมพันธ์,มะยูโซ๊ะ,พลังประชารัฐ,2562-03-24
428,นาย,สัมฤทธิ์,แทนทรัพย์,พลังประชารัฐ,2562-03-24
429,นาย,สาคร,เกี่ยวข้อง,ประชาธิปัตย์,2562-03-24
430,นาย,สาทิตย์,วงศ์หนองเตย,ประชาธิปัตย์,2562-03-24
431,นาย,สุริยะ,จึงรุ่งเรืองกิจ,พลังประชารัฐ,2562-03-24
432,นาย,สาธิต,อุ๋ยตระกูล,พลังประชารัฐ,2562-03-24
433,นาย,สายัณห์,ยุติธรรม,พลังประชารัฐ,2562-03-24
434,นาย,สำลี,รักสุทธี,ภูมิใจไทย,2562-03-24
435,นาย,สิงหภณ,ดีนาง,เพื่อไทย,2562-03-24
436,พันโท ดร.,สินธพ,แก้วพิจิตร,ประชาธิปัตย์,2562-03-24
437,นาย,สินิตย์,เลิศไกร,ประชาธิปัตย์,2562-03-24
438,นาย,สิระ,เจนจาคะ,พลังประชารัฐ,2562-03-24
439,นาง,สิรินทร,รามสูต,เพื่อไทย,2562-03-24
440,ดร.,สิริพงศ์,อังคสกุลเกียรติ,ภูมิใจไทย,2562-03-24
441,นาย,สุชาติ,ชมกลิ่น,พลังประชารัฐ,2562-03-24
442,นาย,สุชาติ,ตันเจริญ,พลังประชารัฐ,2562-03-24
443,นาย,สุชาติ,ภิญโญ,เพื่อไทย,2562-03-24
444,นาย,สุชาติ,อุสาหะ,พลังประชารัฐ,2562-03-24
445,นางสาว,สุณัฐชา,โล่สถาพรพิพิธ,ประชาธิปัตย์,2562-03-24
446,นางสาว,สุทธวรรณ,สุบรรณ ณ อยุธยา,ก้าวไกล,2562-03-24
447,นาย,สุทา,ประทีป ณ ถลาง,พลังประชารัฐ,2562-03-24
448,ดร.,สุทิน,คลังแสง,เพื่อไทย,2562-03-24
449,นาย,สุเทพ,อู่อ้น,ก้าวไกล,2562-03-24
450,นาย,สุพล,จุลใส,รวมพลังประชาชาติไทย,2562-03-24
451,นาย,สุพล,ฟองงาม,พลังประชารัฐ,2562-03-24
452,พลตำรวจตรี ดร.,สุพิศาล,ภักดีนฤนาถ,ก้าวไกล,2562-03-24
453,นาย,สุภดิช,อากาศฤกษ์,เศรษฐกิจใหม่,2562-03-24
454,นาง,สุภาภรณ์,คงวุฒิปัญญา,เพื่อไทย,2562-03-24
455,ดร.,สุรชัย,ศรีสารคาม,อนาคตใหม่,2562-03-24
456,นาย,สุรชาติ,ชาญประดิษฐ์,เพื่อไทย,2562-03-24
457,นาย,สุรชาติ,ศรีบุศกร,พลังประชารัฐ,2562-03-24
458,ดร.,สุรเชษฐ์,ประวีณวงศ์วุฒิ,ก้าวไกล,2562-03-24
459,นาย,สุรทิน,พิจารณ์,ประชาธิปไตยใหม่,2562-03-24
460,นาย,สุรพงษ์,อึ้งอัมพรวิไล,เพื่อไทย,2562-03-24
461,รองศาสตราจารย์ ดร.,สุรวาท,ทองบุ,ก้าวไกล,2562-03-24
462,ดร.,สุรวิทย์,คนสมบูรณ์,เพื่อไทย,2562-03-24
463,นาย,สุรศักดิ์,ชิงนวรรณ์,พลังประชารัฐ,2562-03-24
464,นาย,สุรศักดิ์,พันธ์เจริญวรกุล,ภูมิใจไทย,2562-03-24
465,นาย,สุรศักดิ์,อนรรฆพันธ์,พลังประชารัฐ,2562-03-24
466,นาย,สุรสิทธิ์,นิธิวุฒิวรรักษ์,พลังประชารัฐ,2562-03-24
467,นาย,สุรสิทธิ์,วงศ์วิทยานันท์,พลังประชารัฐ,2562-03-24
468,พลตำรวจตรี,สุรินทร์,ปาลาเร่,ประชาธิปัตย์,2562-03-24
469,ดร.,อธิรัฐ,รัตนเศรษฐ,พลังประชารัฐ,2562-03-24
470,นาย,เสมอกัน,เที่ยงธรรม,ชาติไทยพัฒนา,2562-03-24
471,พลตำรวจเอก,เสรีพิศุทธ์,เตมียเวส,เสรีรวมไทย,2562-03-24
472,นาย,โสภณ,ซารัมย์,ภูมิใจไทย,2562-03-24
473,นาย,องค์การ,ชัยบุตร,ก้าวไกล,2562-03-24
474,นาย,องอาจ,คล้ามไพบูลย์,ประชาธิปัตย์,2562-03-24
475,นาย,องอาจ,วงษ์ประยูร,เพื่อไทย,2562-03-24
476,นาย,อดิพงษ์,ฐิติพิทยา,ภูมิใจไทย,2562-03-24
477,นาย,ศักดิ์สยาม,ชิดชอบ,ภูมิใจไทย,2562-03-24
478,นาย,อนันต์,ผลอำนวย,พลังประชารัฐ,2562-03-24
479,นาย,อนันต์,ศรีพันธุ์,เพื่อไทย,2562-03-24
480,นาย,อนาวิล,รัตนสถาพร,ภูมิใจไทย,2562-03-24
481,นาย,อนุชา,น้อยวงศ์,พลังประชารัฐ,2562-03-24
482,นาย,อนุชา,นาคาศัย,พลังประชารัฐ,2562-03-24
483,นาวาอากาศเอก,อนุดิษฐ์,นาครทรรพ,เพื่อไทย,2562-03-24
484,นาย,อนุทิน,ชาญวีรกูล,ภูมิใจไทย,2562-03-24
485,นาย,อนุมัติ,ซูสารอ,ประชาชาติ,2562-03-24
486,นาย,อนุรักษ์,จุรีมาศ,ชาติไทยพัฒนา,2562-03-24
487,นาย,อนุรักษ์,ตั้งปณิธานนท์,เพื่อไทย,2562-03-24
488,นาง,อนุรักษ์,บุญศล,เพื่อไทย,2562-03-24
489,นาย,อนุสรณ์,ปั้นทอง,เพื่อไทย,2562-03-24
490,นางสาว,อนุสรี,ทับสุวรรณ,รวมพลังประชาชาติไทย,2562-03-24
491,ดร.,อภิชัย,เตชะอุบล,ประชาธิปัตย์,2562-03-24
492,นาย,อภิชา,เลิศพชรกมล,ภูมิใจไทย,2562-03-24
493,ดร.,อภิชาติ,ตีรสวัสดิชัย,เพื่อไทย,2562-03-24
494,นาย,อภิชาติ,ศิริสุนทร,ก้าวไกล,2562-03-24
495,นาย,สุทัศน์,เงินหมื่น,ประชาธิปัตย์,2562-03-24
496,นาง,อมรัตน์,โชคปมิตต์กุล,ก้าวไกล,2562-03-24
497,นาย,อรรถกร,ศิริลัทธยากร,พลังประชารัฐ,2562-03-24
498,ร้อยตำรวจเอก,อรุณ,สวัสดี,พลังประชารัฐ,2562-03-24
499,นาย,อัครเดช,วงษ์พิทักษ์โรจน์,ประชาธิปัตย์,2562-03-24
500,นาย,อัครวัฒน์,อัศวเหม,พลังประชารัฐ,2562-03-24
501,นาย,อัฏฐพล,โพธิพิพิธ,พลังประชารัฐ,2562-03-24
502,นาย,อันวาร์,สาและ,ประชาธิปัตย์,2562-03-24
503,นาย,อับดุลบาซิม,อาบู,ภูมิใจไทย,2562-03-24
504,นาย,อับดุลอายี,สาแม็ง,ประชาชาติ,2562-03-24
505,นาย,อัศวิน,วิภูศิริ,ประชาธิปัตย์,2562-03-24
506,นาย,อาดิลัน,อาลีอิสเฮาะ,พลังประชารัฐ,2562-03-24
507,นาง,อาภรณ์,สาราคำ,เพื่อไทย,2562-03-24
508,นาย,อารี,ไกรนรา,เพื่อชาติ,2562-03-24
509,นาย,อาสพลธ์,สรรณ์ไตรภพ,ภูมิใจไทย,2562-03-24
510,นาย,อำนาจ,วิลาวัลย์,ภูมิใจไทย,2562-03-24
511,นาย,อำไพ,กองมณี,เสรีรวมไทย,2562-03-24
512,นาย,อิทธิรัตน์,จันทรสุรินทร์,เพื่อไทย,2562-03-24
513,นาย,อิสสระ,สมชัย,ประชาธิปัตย์,2562-03-24
514,นาย,อุบลศักดิ์,บัวหลวงงาม,เพื่อไทย,2562-03-24
515,นาย,เอกการ,ซื่อทรงธรรม,ภูมิใจไทย,2562-03-24
516,นาย,เอกชัย,ทรงอำนาจเจริญ,เพื่อไทย,2562-03-24
517,นาย,เอกธนัช,อินทร์รอด,เพื่อไทย,2562-03-24
518,นายแพทย์,เอกภพ,เพียรพิเศษ,ก้าวไกล,2562-03-24
519,ดร.,เอกราช,ช่างเหลา,ภูมิใจไทย,2562-03-24
520,นาย,เอี่ยม,ทองใจสด,พลังประชารัฐ,2562-03-24
521,นาย,โอชิษฐ์,เกียรติก้องชูชัย,เพื่อไทย,2562-03-24
522,นาย,พีระวิทย์,เรื่องลือดลภาค,ไทรักธรรม,2562-03-24
523,นาย,อภิสิทธิ์,เวชชาชีวะ,ประชาธิปัตย์,2562-03-24
524,ศาสตราจารย์ ดร.,นฤมล,ภิญโญสินวัฒน์,พลังประชารัฐ,2562-03-24
525,นาย,สมเกียรติ,ศรลัมพ์,ประชาภิวัฒน์,2562-03-24
526,พลเอก,กนิษฐ์,ชาญปรีชญา,,2562-05-28
527,นาย,กรรณภว์,ธนภรรคภวิน,,2562-05-28
528,พลตรี,กลชัย,สุวรรณบูรณ์,,2562-05-28
529,นาย,กล้านรงค์,จันทิก,,2562-05-28
530,นาย,กษิดิศ,อาชวคุณ,,2562-05-28
531,นาง,กอบกุล,อาภากร ณ อยุธยา,,2562-05-28
532,นาง,กาญจนารัตน์,ลีวิโรจน์,,2562-05-28
533,นาย,กำพล,เลิศเกียรติดำรงค์,,2562-05-28
534,นาย,กิตติ,วะสีนนท์,,2562-05-28
535,นาย,กิตติศักดิ์,รัตนวราหะ,,2562-05-28
536,นาย,กูรดิสถ์,จันทร์ศรีชวาลา,,2562-05-28
537,นาย,เกียว,แก้วสุทอ,,2562-05-28
538,ดร.,ไกรสิทธิ์,ตันติศิรินทร์,,2562-05-28
539,นาย,ขวัญชาติ,วงศ์ศุภรานันต์,,2562-05-28
540,นาย,คำนูณ,สิทธิสมาน,,2562-05-28
541,นาย,จเด็จ,อินสว่าง,,2562-05-28
542,นาย,จรินทร์,จักกะพาก,,2562-05-28
543,พลโท,จเรศักณิ์,อานุภาพ,,2562-05-28
544,พลตำรวจเอก,จักรทิพย์,ชัยจินดา,,2562-05-28
545,พลตำรวจโท,จิตติ,รอดบางยาง,,2562-05-28
546,นาง,จินตนา,ชัยยวรรณาการ,,2562-05-28
547,นาย,จิรชัย,มูลทองโร่ย,,2562-05-28
548,นาง,จิรดา,สงฆ์ประชา,,2562-05-28
549,พลเอก,จิรพงศ์,วรรณรัตน์,,2562-05-28
550,พลเอก,จีระศักดิ์,ชมประสพ,,2562-05-28
551,นายแพทย์,เจตน์,ศิรธรานนท์,,2562-05-28
552,นาย,เจน,นำชัยศิริ,,2562-05-28
553,ดร.,ฉวีรัตน์,เกษตรสุนทร,,2562-05-28
554,พลเอก,ฉัตรเฉลิม,เฉลิมสุข,,2562-05-28
555,พลเอก,ฉัตรชัย,สาริกัลยะ,,2562-05-28
556,นาย,เฉลา,พวงมาลัย,,2562-05-28
557,พลอากาศตรี นายแพทย์,เฉลิมชัย,เครืองาม,,2562-05-28
558,ผู้ช่วยศาสตราจารย์ นายแพทย์,เฉลิมชัย,บุญยะลีพรรณ,,2562-05-28
559,นาย,เฉลิมชัย,เฟื่องคอน,,2562-05-28
560,นาย,เฉลียว,เกาะแก้ว,,2562-05-28
561,นาย,ชยุต,สืบตระกูล,,2562-05-28
562,พลเอก,ชยุติ,สุวรรณมาศ,,2562-05-28
563,นาย,ชลิต,แก้วจินดา,,2562-05-28
564,พลตำรวจเอก,ชัชวาลย์,สุขสมจิตร์,,2562-05-28
565,พลอากาศเอก,ชัยพฤกษ์,ดิษยะศริน,,2562-05-28
566,พลเรือเอก,ชัยวัฒน์,เอี่ยมสมุทร,,2562-05-28
567,ดร.,ชาญวิทย์,ผลชีวิน,,2562-05-28
568,พลเอก,ชาตอุดม,ติตถะสิริ,,2562-05-28
569,พลเรือเอก,ชุมนุม,อาจวงษ์,,2562-05-28
570,พลเอก,ชูศักดิ์,เมฆสุวรรณ์,,2562-05-28
571,พลเอก,เชวงศักดิ์,ทองสลวย,,2562-05-28
572,ว่าที่ร้อยตรี,เชิดศักดิ์,จำปาเทศ,,2562-05-28
573,นาย,เชิดศักดิ์,สันติวรวุฒิ,,2562-05-28
574,นาย,ซากีย์,พิทักษ์คุมพล,,2562-05-28
575,พลเรือเอก,ฐนิธ,กิตติอำพน,,2562-05-28
576,พลเรือเอก,ณรงค์,พิพัฒนาศัย,,2562-05-28
577,นาย,ณรงค์,รัตนานุกูล,,2562-05-28
578,นาย,ณรงค์,สหเมธาพัฒน์,,2562-05-28
579,นาย,ณรงค์,อ่อนสอาด,,2562-05-28
580,พลเอก,ณัฐ,อินทรเจริญ,,2562-05-28
581,พลเอก,ดนัย,มีชูเวท,,2562-05-28
582,นาง,ดวงพร,รอดพยาธื์,,2562-05-28
583,ดร.,ดาวน้อย,สุทธินิภาพันธ์,,2562-05-28
584,ดร.,ดิเรกฤทธิ์,เจนครองธรรม,,2562-05-28
585,นาย,ดุสิต,เขมะศักดิ์ชัย,,2562-05-28
586,พลตำรวจเอก,เดชณรงค์,สุทธิชาญบัญชา,,2562-05-28
587,พลตำรวจโท,ตรีทศ,รณฤทธิวิชัย,,2562-05-28
588,พลอากาศเอก,ตรีทศ,สนแจ้ง,,2562-05-28
589,ดร.,ตวง,อันทะไชย,,2562-05-28
590,พลเอก,ไตรโรจน์,ครุธเวโช,,2562-05-28
591,นาย,ถนัด,มานะพันธ์ุนิยม,,2562-05-28
592,นาย,ถวิล,เปลี่ยนศรี,,2562-05-28
593,นาย,ถาวร,เทพวิมลเพชรกุล,,2562-05-28
594,พลอากาศเอก,ถาวร,มณีพฤกษ์,,2562-05-28
595,นาย,ทรงเดช,เสมอคำ,,2562-05-28
596,พลเอก,ทวีป,เนตรนิยม,,2562-05-28
597,นายแพทย์,ทวีวงษ์,จุลกมนตรี,,2562-05-28
598,นาง,ทัศนา,ยุวานนท์,,2562-05-28
599,ร้อยเอก ดร.,ทินพันธุ์,นาคะตะ,,2562-05-28
600,พลเอก,เทพพงศ์,ทิพยจันทร์,,2562-05-28
601,พลเอก,ธงชัย,สาระสุข,,2562-05-28
602,พลเอก ดร.,ธนะศักดิ์,ปฏิมาประกร,,2562-05-28
603,พลเอก,ธวัชชัย,สมุทรสาคร,,2562-05-28
604,นาย,ธานี,สุโชดายน,,2562-05-28
605,นาย,ธานี,อ่อนละเอียด,,2562-05-28
606,พลเอก,ธีรเดช,มีเพียร,,2562-05-28
607,นาย,ธีระเกียรติ,เจริญเศรษฐศิลป์,,2562-05-28
608,พลเรือเอก,นพดล,โชคระดา,,2562-05-28
609,พลเอก,นพดล,อินทปัญญา,,2562-05-28
610,พลเอก,นาวิน,ดำริกาญจน์,,2562-05-28
611,นาย,นิพนธ์,นาคสมภพ,,2562-05-28
612,พลเอก,นิวัตร,มีนะโยธิน,,2562-05-28
613,ดร.,นิสดารก์,เวชยานนท์,,2562-05-28
614,นาย,นิอาแซ,ซีอุเซ็ง,,2562-05-28
615,นาย,เนาวรัตน์,พงษ์ไพบูลย์,,2562-05-28
616,นาย,บรรชา,พงศ์อายุกูล,,2562-05-28
617,พลเอก,บุญธรรม,โอริส,,2562-05-28
618,นาย,บุญมี,สุระโคตร,,2562-05-28
619,ดร.,บุญส่ง,ไข่เกษ,,2562-05-28
620,พลเอก ดร.,บุญสร้าง,เนียมประดิษฐ์,,2562-05-28
621,นาง,เบญจรัตน์,จริยธาราสิทธิ์,,2562-05-28
622,หม่อมหลวง,ปนัดดา,ดิศกุล,,2562-05-28
623,พลอากาศเอก ดร.,ประจิน,จั่นตอง,,2562-05-28
624,นาย,ประดิษฐ์,เหลืองอร่าม,,2562-05-28
625,นาง,ประภาศรี,สุฉันทบุตร,,2562-05-28
626,นาย,ประมนต์,สุธีวงศ์,,2562-05-28
627,นาย,ประมาณ,สว่างญาติ,,2562-05-28
628,ร้อยเอก,ประยุทธ,เสาวคนธ์,,2562-05-28
629,นาง,ประยูร,เหล่าสายเชื้อ,,2562-05-28
630,พลเอก ดร.,ประสาท,สุขเกษตร,,2562-05-28
631,รองศาสตราจารย์ ดร.,ประเสริฐ,ปิ่นปฐมรัฐ,,2562-05-28
632,พลตำรวจตรี,ปรัชญ์ชัย,ใจชาญสุขกิจ,,2562-05-28
633,พลเอก,ปรีชา,จันทร์โอชา,,2562-05-28
634,นาย,ปรีชา,บัววิรัตน์เลิศ,,2562-05-28
635,นาย,ปัญญา,งานเลิศ,,2562-05-28
636,พลเอก,ปัฐมพงศ์,ประถมภัฏ,,2562-05-28
637,นาย,ปานเทพ,กล้าณรงค์ราญ,,2562-05-28
638,ดร.,ปิยฉัฏฐ์,วันเฉลิม,,2562-05-28
639,นาย,ปิยพันธุ์,นิมมานเหมินท์,,2562-05-28
640,พลเอก,โปฎก,บุนนาค,,2562-05-28
641,นาง,ผาณิต,นิติทัณฑ์ประภาศ,,2562-05-28
642,แพทย์หญิง คุณหญิง,พรทิพย์,โรจนสุนันท์,,2562-05-28
643,พลเอก,พรพิพัฒน์,เบญญศรี,,2562-05-28
644,นาย,พรเพชร,วิชิตชลชัย,,2562-05-28
645,นายแพทย์,พลเดช,ปิ่นประทีป,,2562-05-28
646,พลเรือเอก,พะจุณณ์,ตามประทีป,,2562-05-28
647,พลเรือเอก,พัลลภ,ตมิศานนท์,,2562-05-28
648,นาง,พิกุลแก้ว,ไกรฤกษ์,,2562-05-28
649,นาย,พิทักษ์,ไชยเจริญ,,2562-05-28
650,พลเอก,พิศณุ,พุทธวงศ์,,2562-05-28
651,นาย,พิศาล,มาณวพัฒน์,,2562-05-28
652,พลตำรวจโท,พิสัณห์,จุลดิลก,,2562-05-28
653,พลเอก,พิสิทธิ์,สิทธิสาร,,2562-05-28
654,นาย,พีระศักดิ์,พอจิต,,2562-05-28
655,นาง,เพ็ญพักตร์,ศรีทอง,,2562-05-28
656,พลเอก,ไพชยนต์,ค้าทันเจริญ,,2562-05-28
657,นาย,ไพฑูรย์,หลิมวัฒนา,,2562-05-28
658,นาย,ไพโรจน์,พ่วงทอง,,2562-05-28
659,พลเอก,ไพโรจน์,พานิชสมัย,,2562-05-28
660,นางสาว,ภัทรา,วรามิตร,,2562-05-28
661,นาย,ภาณุ,อุทัยรัตน์,,2562-05-28
662,นาย,มณเฑียร,บุญตัน,,2562-05-28
663,พลอากาศเอก,มนัส,รูปขจร,,2562-05-28
664,นาย,มหรรณพ,เดชวิทักษ์,,2562-05-28
665,พลเอก,มารุต,ปัชโชตะสิงห์,,2562-05-28
666,พันตำรวจตรี ดร.,ยงยุทธ,สาระสมบัติ,,2562-05-28
667,พลเอก ดร.,ยอดยุทธ,บุญญาธิการ,,2562-05-28
668,พันตำรวจเอก,ยุทธกร,วงเวียน,,2562-05-28
669,นาย,ยุทธนา,ทัพเจริญ,,2562-05-28
670,นาย,รณวริทธิ์,ปริยฉัตรตระกูล,,2562-05-28
671,นาย,ระวี,รุ่งเรือง,,2562-05-28
672,นางสาว,เรณู,ตังคจิวางกูร,,2562-05-28
673,นาย,ลักษณ์,วจนานวัช,,2562-05-28
674,พลเรือเอก,ลือชัย,รุดดิษฐ์,,2562-05-28
675,พลเอก,เลิศรัตน์,รัตนวานิช,,2562-05-28
676,พลเอก,เลิศฤทธิ์,เวชสวรรค์,,2562-05-28
677,ว่าที่ร้อยตรี,วงศ์สยาม,เพ็งพานิชภักดี,,2562-05-28
678,พลเอก ดร.,วรพงษ์,สง่าเนตร,,2562-05-28
679,นาง,วรารัตน์,อติแพทย์,,2562-05-28
680,พลเอก,วราห์,บุญญะสิทธิ์,,2562-05-28
681,พลเอก,วลิต,โรจนภักดี,,2562-05-28
682,พลเอก,วสันต์,สุริยมงคล,,2562-05-28
683,พลเอก,วัฒนา,สรรพานิช,,2562-05-28
684,นาย,วันชัย,สอนศิริ,,2562-05-28
685,นาย,วัลลภ,ตังคณานุรักษ์,,2562-05-28
686,พลเอก ดร.,วิชิต,ยาทิพย์,,2562-05-28
687,นาย,วิทยา,ผิวผ่อง,,2562-05-28
688,พลเอก,วินัย,สร้างสุขดี,,2562-05-28
689,พลตำรวจโท,วิบูลย์,บางท่าไม้,,2562-05-28
690,นางสาว,วิบูลย์ลักษณ์,ร่วมรักษ์,,2562-05-28
691,นาย,วิรัตน์,เกสสมบูรณ์,,2562-05-28
692,นางสาว,วิไลลักษณ์,อรินทมะพงษ์,,2562-05-28
693,นาย,วิวรรธน์,แสงสุริยะฉัตร,,2562-05-28
694,นาย,วิสุทธิ์,ศรีสุพรรณ,,2562-05-28
695,นาย,วีระศักดิ์,ฟูตระกูล,,2562-05-28
696,นาย,วีระศักดิ์,โควสุรัตน์,,2562-05-28
697,นาย,วีระศักดิ์,ภูครองหิน,,2562-05-28
698,พลเอก,วีรัณ,ฉันทศาสตร์โกศล,,2562-05-28
699,นาย,วุฒิพันธุ์,วิชัยรัตน์,,2562-05-28
700,นาย,ศรีศักดิ์,วัฒนพรมงคล,,2562-05-28
701,นาย,ศักดิ์ชัย,ธนบุญชัย,,2562-05-28
702,ดร.,ศักดิ์ไทย,สุรกิจบวร,,2562-05-28
703,พลเรือเอก,ศักดิ์สิทธิ์,เชิดบุญเมือง,,2562-05-28
704,พลตำรวจโท,ศานิตย์,มหถาวร,,2562-05-28
705,ดร.,ศิรินา,ปวโรฬารวิทยา,,2562-05-28
706,พลเรือเอก,ศิษฐวัชร,วงษ์สุวรรณ,,2562-05-28
707,นาย,ศุภชัย,สมเจริญ,,2562-05-28
708,พลเอก,ศุภรัตน์,พัฒนาวิสุทธิ์,,2562-05-28
709,พลเอก,สกนธ์,สัจจานิตย์,,2562-05-28
710,พลเอก,สกล,ชื่นตระกูล,,2562-05-28
711,นายแพทย์ หม่อมหลวง,สกุล,มาลากุล,,2562-05-28
712,ดร.,สถิตย์,ลิ่มพงศ์พันธุ์,,2562-05-28
713,พลเรือโท,สนธยา,น้อยฉายา,,2562-05-28
714,พลเอก,สนธยา,ศรีเจริญ,,2562-05-28
715,พลเอก,สนั่น,มะเริงสิทธิ์,,2562-05-28
716,ดร.,สม,จาตุศรีพิทักษ์,,2562-05-28
717,พลเอก,สมเจตน์,บุญถนอม,,2562-05-28
718,นาย,สมชาย,ชาญณรงค์กุล,,2562-05-28
719,นาย,สมชาย,เสียงหลาย,,2562-05-28
720,นาย,สมชาย,แสวงการ,,2562-05-28
721,ดร.,สมชาย,หาญหิรัญ,,2562-05-28
722,นาย,สมเดช,นิลพันธุ์,,2562-05-28
723,พลตำรวจโท,สมบัติ,มิลินทจินดา,,2562-05-28
724,นาย,สมบูรณ์,งามลักษณ์,,2562-05-28
725,นาย,สมพล,เกียรติไพบูลย์,,2562-05-28
726,นาย,สมศักดิ์,โชติรัตนะศิริ,,2562-05-28
727,พลตำรวจโท,สมหมาย,กองวิสัยสุข,,2562-05-28
728,พลเอก,สมหมาย,เกาฏีระ,,2562-05-28
729,พลเอก,สราวุฒิ,ชลออยู่,,2562-05-28
730,นาย,สวัสดิ์,สมัครพงศ์,,2562-05-28
731,พลเอก,สสิน,ทองภักดี,,2562-05-28
732,ดร.,สังศิต,พิริยะรังสรรค์,,2562-05-28
733,นาย,สัญชัย,จุลมนต์,,2562-05-28
734,นาย,สาธิต,เหล่าสุวรรณ,,2562-05-28
735,นาย,สำราญ,ครรชิต,,2562-05-28
736,พลเอก,สำเริง,ศิวาดารงค์,,2562-05-28
737,พลเอก,สิงห์ศึก,สิงห์ไพร,,2562-05-28
738,พลอากาศเอก,สุจินต์,แช่มช้อย,,2562-05-28
739,นาย,สุชัย,บุตรสาระ,,2562-05-28
740,นาย,สุธี,มากบุญ,,2562-05-28
741,นาง,สุนี,จึงวิโรจน์,,2562-05-28
742,นาย,สุรชัย,ดนัยตั้งตระกูล,,2562-05-28
743,นาย,สุรชัย,เลี้ยงบุญเลิศชัย,,2562-05-28
744,พลเอก,สุรเชษฐ์,ชัยวงศ์,,2562-05-28
745,ดร.,สุรเดช,จิรัฐิติเจริญ,,2562-05-28
746,พลเอก,สุรพงษ์,สุวรรณอัตถ์,,2562-05-28
747,พลเอก,สุรศักดิ์,กาญจนรัตน์,,2562-05-28
748,นาย,สุรสิทธิ์,ตรีทอง,,2562-05-28
749,นาย,สุวพันธ์ุ,ตันยุวรรธนะ,,2562-05-28
750,นาย,สุวรรณ,เลิศปัญญาโรจน์,,2562-05-28
751,นาง,สุวรรณี,สิริเวชชะพันธ์,,2562-05-28
752,นาย,เสรี,สุวรรณภานนท์,,2562-05-28
753,พลเอก,อกนิษฐ์,หมื่นสวัสดิ์,,2562-05-28
754,พลอากาศเอก,อดิศักดิ์,กลั่นเสนาะ,,2562-05-28
755,พลตำรวจเอก,อดุลย์,แสงสิงแก้ว,,2562-05-28
756,พลเอก,อนันตพร,กาญจนรัตน์,,2562-05-28
757,นาย,อนุมัติ,อาหมัด,,2562-05-28
758,นาย,อนุศักดิ์,คงมาลัย,,2562-05-28
759,นาย,อนุศาสน์,สุวรรณมงคล,,2562-05-28
760,นาง,อภิรดี,ตันตราภรณ์,,2562-05-28
761,พลเอก,อภิรัชต์,คงสมพงษ์,,2562-05-28
762,นาย,อมร,นิลเปรม,,2562-05-28
763,นาย,ออน,กาจกระโทก,,2562-05-28
764,พลเอก,อักษรา,เกิดผล,,2562-05-28
765,นาย,อับดุลฮาลิม,มินซาร์,,2562-05-28
766,พลเอก,อาชาไนย,ศรีสุข,,2562-05-28
767,พลโท,อำพน,ชูประทุม,,2562-05-28
768,นาย,อำพล,จินดาวัฒนะ,,2562-05-28
769,พลเรือเอก,อิทธิคมน์,ภมรสูต,,2562-05-28
770,นายแพทย์,อุดม,คชินทร,,2562-05-28
771,นาย,อุดม,วรัญญูรัฐ,,2562-05-28
772,พลเอก,อุดมชัย,ธรรมสาโรรัชต์,,2562-05-28
773,นาย,อุปกิต,ปาจรียางกูร,,2562-05-28
774,พลเอก,อู้ด,เบื้องบน,,2562-05-28
775,พลตรี,โอสถ,ภาวิไล,,2562-05-28
776,นาย,อภิชาติ,โตดิลกเวชช์,,2562-05-28
777,พลอากาศเอก,มานัต,วงษ์วาทย์,,2562-05-28
778,พันตำรวจเอก,ทวี,สอดส่อง,ประชาชาติ,2562-03-24
779,นาย,เผดิมชัย,สะสมทรัพย์,ชาติไทยพัฒนา,2562-03-24
780,นาย,สวาป,เผ่าประทาน,ภูมิใจไทย,2562-03-24
781,นาย,มานพ,คีรีภูวดล,ก้าวไกล,2562-03-24
782,นาย,สมศักดิ์,คุณเงิน,เศรษฐกิจไทย,2562-03-24
783,นางสาว,พิมพ์รพี,พันธุ์วิชาติกุล,ประชาธิปัตย์,2562-03-24
784,นาย,เพชรภูมิ,อาภรณ์รัตน์,พลังประชารัฐ,2562-03-24
785,นาย,ยุทธนา,โพธสุธน,เศรษฐกิจไทย,2562-03-24
786,นาย,สุชาติ,โชคชัยวัฒนากร,ภูมิใจไทย,2562-03-24
787,นาย,วัฒนา,สิทธิวัง,พลังประชารัฐ,2562-03-24
788,นาย,จัตุรงค์,เสริมสุข,,2562-05-28
789,นาย,วิชัย,ทิตตภักดี,,2562-05-28
790,นาย,ประสิทธิ์,ปทุมารักษ์,,2562-05-28
791,พลอากาศเอก,แอร์บูล,สุทธิวรรณ,,2562-05-28
792,พลเอก,เฉลิมพล,ศรีสวัสดิ์,,2562-05-28
793,พลเรือเอก,ชาติชาย,ศรีวรขาน,,2562-05-28
794,พลเอก,ณรงค์พันธ์,จิตต์แก้วแท้,,2562-05-28
795,พลตำรวจเอก,สุวัฒน์,แจ้งยอดสุข,,2562-05-28
796,นาย,อาคม,เติมพิทยาไพสิฐ,,2562-07-10
797,นาย,ปรีดี,ดาวฉาย,,2562-07-10
798,นาย,สุพัฒนพงษ์,พันธ์มีเชาว์,,2562-07-10
799,นาย,เอนก,เหล่าธรรมทัศน์,,2562-07-10
800,กองตรี,อาญาสิทธิ์,ศรีสุวรรณ,พลังประชารัฐ,2562-03-24
801,นาย,ต่อศักดิ์,อัศวเหม,พลังประชารัฐ,2562-03-24
802,นาย,สุรพร,ดนัยตั้งตระกูล,พลังประชารัฐ,2562-03-24
803,นาย,ชวน,ชูจันทร์,พลังประชารัฐ,2562-03-24
804,นาย,จักพันธ์,ปิยพรไพบูลย์,ประชาธิปัตย์,2562-03-24
805,นางสาว,สุภาพร,กำเนิดผล,ประชาธิปัตย์,2562-03-24
806,นางสาว,สุเนตตา,แซ่โก๊ะ ,รวมพลังประชาชาติไทย,2562-03-24
807,นาง,บุญญาพร,นาตะธนภัทร,พลังชาติไทย,2562-03-24
808,นาย,สุรชาติ,เทียนทอง,เพื่อไทย,2562-03-24
809,นาย,ภาคิน,สมมิตรธนกุล,พลังประชารัฐ,2562-03-24
810,นาย,อิสรพงษ์,มากอำไพ,ประชาธิปัตย์,2562-03-24
811,นาย,ชัยทิพย์,กมลพันธ์ทิพย์,ประชาธิปัตย์,2562-03-24
812,นาย,นราพัฒน์,แก้วทอง,ประชาธิปัตย์,2562-03-24
813,นางสาว,จิราพร,นาคดิลก,เศรษฐกิจใหม่,2562-03-24